file_path,file_size_bytes,file_type,hash,phash,duplicate_group_id,near_duplicate_group_id
C:\Cursor AI\Micro Porject 2 Dupe Finder\Media\1000002217.jpg,45033,image,ed511be4c396caec9cb885965c61f52814ed55b3e2fcc14df79a86fa188c6238,303466e7e3e3e7ef,1,nd_group_1
C:\Cursor AI\Micro Porject 2 Dupe Finder\Media\1000002224.jpg,88849,image,abb41f3b2dfc2d393cba0d7eb29cd637f025d574908babf2ef8454bcc2d20f68,83cefedf83010000,1,nd_group_1
C:\Cursor AI\Micro Porject 2 Dupe Finder\Media\1000002256.jpg,144476,image,2cf6f552f4a676edca995d8c00d39f45eda9e3b131a0f6ad7fe6e3dc59c4c56b,f8f4fcfc00000000,1,nd_group_1
C:\Cursor AI\Micro Porject 2 Dupe Finder\Media\100000233217.jpg,35425,image,c6bc49b4084b0efe5a474e13295ce7b93d6b439bd8ab97245a76f9f426afc136,3977e3c3c3e3cbef,1,nd_group_1
C:\Cursor AI\Micro Porject 2 Dupe Finder\Media\1000002437.jpg,67412,image,77dcb37b6e8f5d23364da42d5b81a798818e506f1b66561f444d2a8bd71bb7c6,2000183bd7ff2f1f,1,nd_group_1
C:\Cursor AI\Micro Porject 2 Dupe Finder\Media\1000002589.jpg,52423,image,24de3fe891af9fdc34b7d982ee9ccfb5330c259e47cb1f1618b4cf510c0e4a3c,fffffffc00000000,1,nd_group_1
C:\Cursor AI\Micro Porject 2 Dupe Finder\Media\1000002980.jpg,54384,image,92395fcf0b8b3d6f14867cd7915b3f17be8be7f040139b11309483417e0c68ce,0001107272e73fff,1,nd_group_1
C:\Cursor AI\Micro Porject 2 Dupe Finder\Media\20240918_174014.mp4,214435294,video,d5164c6a8a30bdc0345e4f2c702bac8f3957a0328f4b50a1843ff839b7c44734,,1,
C:\Cursor AI\Micro Porject 2 Dupe Finder\Media\DogsBRoll.mp4,131025896,video,47435279c37cd3891d2a5f9247ed335fd9a3b70867fd3c044b65d4c9cf50ef6d,,1,
C:\Cursor AI\Micro Porject 2 Dupe Finder\Media\DSC00735.jpg,1753957,image,6499a0d32f9ad81de90f4a3c115387ffd5dbadf1f6c1f6cc7a3b00b55937d8af,041f1f3323101008,1,nd_group_1
C:\Cursor AI\Micro Porject 2 Dupe Finder\Media\DSC01313 (1).jpg,1210132,image,516dca98559b75a3e5aa07c4ebf8a8898c9a10203e243e8b39e5e76cbc161cf4,fef8f0e389082400,1,nd_group_1
C:\Cursor AI\Micro Porject 2 Dupe Finder\Media\DSC03631.jpg,3748167,image,2d140a9b1d21b9f21ed06b0642d576fd69e0ce26fa51abdfb0042bff1d209fb4,e3f2f151e0f0e040,1,nd_group_1
C:\Cursor AI\Micro Porject 2 Dupe Finder\Media\DSC03756-Edit (1).jpg,2641214,image,93b85516e7bc0918f401712dcdfa2a4f0963603275684b7fcb5c36925f0a5ff1,0018181c1c081c0c,1,nd_group_1
C:\Cursor AI\Micro Porject 2 Dupe Finder\Media\DSC03764-Edit (1).jpg,2859601,image,53d07b96178b70fcea9b0198c90bae1ad8662c6ed6c8e24bac4dd425b11a823b,000c1c1c1e1c0400,1,nd_group_1
C:\Cursor AI\Micro Porject 2 Dupe Finder\Media\DSC04283-Edit (1).jpg,1464243,image,15b65c4a60a564d21f2678b29ede26ec72a3948927749efe9f3b464c7c8ec27f,fd3c381008040383,1,nd_group_1
C:\Cursor AI\Micro Porject 2 Dupe Finder\Media\DSC04283.jpg,2352305,image,929d9df410d314f3c9ec6f2497667036a85bed93212579a8e47b7e2116d392a4,38181818180c0c06,1,nd_group_1
C:\Cursor AI\Micro Porject 2 Dupe Finder\Media\DSC04368 (1).jpg,1277615,image,8f1c16844e24bfc485690afc71b4a8d3416862ca3ce6e46f339730e7bc802f92,3030301407706000,1,nd_group_1
C:\Cursor AI\Micro Porject 2 Dupe Finder\Media\DSC04368.jpg,1277615,image,0fe8a48b9f223c561133e706ce437690f81e9b438aceffb92bcf9d7d84b4f132,3030301407706000,1,nd_group_1
C:\Cursor AI\Micro Porject 2 Dupe Finder\Media\DSC04387.jpg,545381,image,e4e0a52f899d2f6c4eea27e5d14f8d992d59b546c23f142d8b7352b973407084,70787878780e0e06,1,nd_group_1
C:\Cursor AI\Micro Porject 2 Dupe Finder\Media\DSC05022.jpg,977475,image,2e270580e7cd280875f89285278f2e9b7e68c2a5ce0486944ce2cc7423eee7cc,3e7e57c3b0b83010,1,nd_group_1
C:\Cursor AI\Micro Porject 2 Dupe Finder\Media\DSC05043.jpg,225445,image,8bb826992762efc64d578af0c12a714444d994d1c95796d0f69024389bcd8886,01231330f7ffe380,1,unique
C:\Cursor AI\Micro Porject 2 Dupe Finder\Media\DSC05054 (1).jpg,956178,image,1f90487f743e685112c4f78137528f7a1f5808daf01e9cde5210c86d78ce407d,000090d1dbfb3fff,1,nd_group_1
C:\Cursor AI\Micro Porject 2 Dupe Finder\Media\DSC05312 (1).jpg,1355316,image,14efe0b2a44669df8167d6b0ae688150d8dcd55eb32391dbcb48c846f6cd0f9e,3e3e1e1e18008000,1,nd_group_1
C:\Cursor AI\Micro Porject 2 Dupe Finder\Media\DSC05380.jpg,5101068,image,72e8a1708b1eabf289a7b1d548593097316add92cd2dbbd93ed9133771f84dbd,fff7635303031101,1,nd_group_1
C:\Cursor AI\Micro Porject 2 Dupe Finder\Media\DSC05469.jpg,5184807,image,f15ed92861956113b5a55100ceb3b0644bf5fa4c2b0e237db1b554d6646b5f9d,f0f003e30300e0fe,1,nd_group_1
C:\Cursor AI\Micro Porject 2 Dupe Finder\Media\DSC05591.jpg,3036396,image,b5fa5065745d8291bce07975ae4adb097e40d7ae3bd9a27d93dc30e239b0db4a,dfdf1f0fc0c0c040,1,nd_group_1
C:\Cursor AI\Micro Porject 2 Dupe Finder\Media\DSC05595.jpg,2892938,image,23251c075396a3622a92e2dc444128e368a4b93453bc7174ceac3f25cb17d8e0,df7f9fc7c000c040,1,nd_group_1
C:\Cursor AI\Micro Porject 2 Dupe Finder\Media\DSC05650 (1).jpg,4753671,image,b9bfdf5eeb0ffb01fa0026a3ec535a8c797284575b0c125eeb4113243b9f0169,fffef8d8c8000000,1,nd_group_1
C:\Cursor AI\Micro Porject 2 Dupe Finder\Media\DSC05650.jpg,5679612,image,ad766bb62415fe487b81110d298c3a92c5c3d1fb8f0abe924e1c92ab8de0fbf9,fffefab0b0000000,1,nd_group_1
C:\Cursor AI\Micro Porject 2 Dupe Finder\Media\DSC05676.jpg,2585557,image,46b55e56ae14fb921a5b59a2c5eb6ca5b1b7f52711cff5eeca1090e6b40901aa,f7f7e80004040000,1,nd_group_1
C:\Cursor AI\Micro Porject 2 Dupe Finder\Media\IMG_20161003_082313_processed.jpg,159760,image,38cc77c008e9839e060a5e2330c3399b121582ba0f9992c252077910f66ea246,80c97ceef8fdcc8f,1,nd_group_1
C:\Cursor AI\Micro Porject 2 Dupe Finder\Media\IMG_20201117_093609_652-1.jpg,1892877,image,f9a0919270d125f4ac4ece0ffa9eacba470db31360eee1904b519710cb39ddff,f9e866bf1f8f0200,2,nd_group_1
C:\Cursor AI\Micro Porject 2 Dupe Finder\Media\IMG_20220507_161034_01.jpg,814311,image,ae6c2c71cc556a67c68d1fc34fdd5678406e9d3bc7ccf8616206ddf9ba4479f0,0001f7f1f1f1e1fc,1,nd_group_1
C:\Cursor AI\Micro Porject 2 Dupe Finder\Media\IMG_20221010_211331.jpg,513164,image,6752dda3b59e1fe1abc7c8f1ffd41f29268425fdf5bb7a5619369d53a7b37849,df9c0b1f38100000,1,nd_group_1
C:\Cursor AI\Micro Porject 2 Dupe Finder\Media\IMG_20221025_113332.jpg,637971,image,4290db20f89c6ce4e627a521b8cde1143bc26b3b5a837e866078d32c9f75fad4,ffffff4181818101,1,nd_group_1
C:\Cursor AI\Micro Porject 2 Dupe Finder\Media\IMG_20230707_001210.jpg,73283,image,467b5c32c7f5be823e0db957d47c9077ddce8eba8512bab4772f184c8ed9062d,c7d797878c88080f,1,nd_group_1
C:\Cursor AI\Micro Porject 2 Dupe Finder\Media\IMG_20240825_132528.jpg,208706,image,4b71204b7f6f023e9a3bd357d7d08669e741bb04e46860ca9f0326b53200629f,ff7e5e7c70000000,1,nd_group_1
C:\Cursor AI\Micro Porject 2 Dupe Finder\Media\IMG_20240924aaa_155642.jpg,126079,image,60f67db135c86256318b5f7c707129103e20d3b6e9a0068db0c28e072af86448,cfc793838383c3c3,1,nd_group_1
C:\Cursor AI\Micro Porject 2 Dupe Finder\Media\IMG_20240924_155642.jpg,186161,image,654f7c37ed73fbc001288e75f5e9d6d349a2543b33c6db46213cf6ab7681a3bf,cf8383c18181e1ff,1,nd_group_1
C:\Cursor AI\Micro Porject 2 Dupe Finder\Media\IMG_20241003_085100.jpg,195875,image,8ca793c8961144ee8b98e9366e4e577316791cccfb93acdf44ad32e91aca87e3,c78783838301e1ff,1,nd_group_1
C:\Cursor AI\Micro Porject 2 Dupe Finder\Media\IMG_20241003_085103.jpg,237462,image,f451c4d3fea4ea284bfa14f7e1656d2406c0bc999eb13160acefe94d8282abcd,ff8f0707070381ff,1,nd_group_1
C:\Cursor AI\Micro Porject 2 Dupe Finder\Media\IMG_20241003_085111.jpg,240805,image,7ebca00ec2ac706ddf1512bcf30be6216111d2dc0bb3eadc0790d94fcb29f159,ffffc7c383818181,1,nd_group_1
C:\Cursor AI\Micro Porject 2 Dupe Finder\Media\IMG_20241013_210501.jpg,188173,image,06190bc6fb301eb293385e44197afe574978dddf1ab97634560adbaf975f6f0e,e0f4f6dfcc88000e,1,nd_group_1
C:\Cursor AI\Micro Porject 2 Dupe Finder\Media\IMG_20250227_104925.jpg,372848,image,3659e458fa2d2e2302b0504f77566d71bd2ca6ed9ddc01120336597687665006,5e467e7e6e6e5e00,1,nd_group_1
C:\Cursor AI\Micro Porject 2 Dupe Finder\Media\IMG_20250227_104930.jpg,296192,image,f7fd34f6c6b0b86aaaabe2fad8f0916b31a1ebfbb6db9d92def5d1daa38e969c,7a7a7a7a7a7a7e00,1,nd_group_1
C:\Cursor AI\Micro Porject 2 Dupe Finder\Media\IMG_20250307_112654.jpg,393614,image,f5d59cb1339024503a9ce39c6f3792ebbf85177cfc38808ecc56fc46777bb09f,fffe7c7c7c5c0c00,1,nd_group_1
C:\Cursor AI\Micro Porject 2 Dupe Finder\Media\IMG_20250307_112657.jpg,578400,image,dcde0f549e9092dea0399a71c761eac5b40464b5fe9a2db9bed3e08305158747,007e7e7e7e7e0000,1,nd_group_1
C:\Cursor AI\Micro Porject 2 Dupe Finder\Media\IMG_20250311_095835.png,45086,image,be5dee8e913dae0183a4569ed9decb4246d8d278b89b8dd52142083ae9542772,3c1cfc181c1cffff,1,nd_group_1
C:\Cursor AI\Micro Porject 2 Dupe Finder\Media\IMG_20250313_165958.jpg,6894024,image,4792b27814d7d4028112204aae711ff62d7ab26afbe05aa2835e09a9a30e36fe,000000181d3ffff1,1,nd_group_1
C:\Cursor AI\Micro Porject 2 Dupe Finder\Media\IMG_20250313_165958~2.jpg,4565103,image,98eec71b8b933d0c0f53ac4bfb0f3aea7f2fe7006fd0238ac84ff513b0633ad0,0000180c1e3fff30,1,nd_group_1
C:\Cursor AI\Micro Porject 2 Dupe Finder\Media\IMG_20250801_092359.jpg,333943,image,fadf8cba35ef98912ffd50e1698af8bf7144797f09282febdc26490a66a5d683,f3c3c183c3c09d1f,1,nd_group_1
C:\Cursor AI\Micro Porject 2 Dupe Finder\Media\IMG_20250801_092401.jpg,333003,image,8e609dd7c908590dedfa51b0df6498074c86df6356cdb06a06cc89476b25c32d,e7e3e3c3c3c0010f,1,nd_group_1
C:\Cursor AI\Micro Porject 2 Dupe Finder\Media\IMG_20250823_154146.jpg,7321074,image,251f31d3ee56759fea79bc0e9d8dbefb5a00aae5185a6a01462627315cfb3707,800000ff8f939fff,1,nd_group_1
C:\Cursor AI\Micro Porject 2 Dupe Finder\Media\IMG_20250904_220002.jpg,294037,image,a10ff1479ab43aea60a322c8497709a4880a7510f33dd957b5c254abdde00d44,3f3f0f0703030100,1,nd_group_1
C:\Cursor AI\Micro Porject 2 Dupe Finder\Media\IMG_20251013_154742.jpg,203031,image,b021cf3acd632eeffde8f671eee3c1e60e28675fe81bf6cd67b081ab4e374cc3,0000c3c307ef1fff,1,nd_group_1
C:\Cursor AI\Micro Porject 2 Dupe Finder\Media\PXL_20241031_155619238.mp4,164304199,video,833fc4b9e464b81a11d086835aaf1a3b38fb1005debe68d5337dd3dd3e6b58e7,,1,
C:\Cursor AI\Micro Porject 2 Dupe Finder\Media\PXL_20250424_013857535.mp4,87443183,video,9241647aa437f74b230ea9d09cd574372948c8411ab9cb9a6f33fce5894a14bc,,1,
C:\Cursor AI\Micro Porject 2 Dupe Finder\Media\PXL_20250426_205420183.jpg,7249156,image,4c852497bdc721acdf544a74628792bedc9e9f004f6d94137c4919feda13a834,7c7bfe6fecf88102,1,nd_group_1
C:\Cursor AI\Micro Porject 2 Dupe Finder\Media\PXL_20250426_205422885.jpg,8007028,image,32b9e69d8567d380bbf2700cce4f3720a4860bacfdc27e211477bd8a9d4add9c,fff7ffe8f9030604,1,nd_group_1
C:\Cursor AI\Micro Porject 2 Dupe Finder\Media\PXL_20250427_163325457.jpg,8691724,image,2f7e722a894ff4fd29afd58db95e8d696904dd75be8f7772b2266e387f180e4e,000ffbf1580670ff,1,nd_group_1
C:\Cursor AI\Micro Porject 2 Dupe Finder\Media\PXL_20250427_163327335.mp4,32177925,video,5d36170f28330a134d6fdb0a52db7da8b3411c891b05d846ce50e502301a5603,,1,
C:\Cursor AI\Micro Porject 2 Dupe Finder\Media\PXL_20250427_163345481.mp4,16103559,video,95dcf90a11edf808e0d01e8dad15b0dc6b80ecb7501cf175803527e69865451c,,1,
C:\Cursor AI\Micro Porject 2 Dupe Finder\Media\PXL_20250427_163359058.jpg,11967181,image,9375e1ba25cf9b0a7d24af6deb56cfa275bf8cc76f6f12e5e9e7feb86e100fdf,074700fb8180fcff,1,nd_group_1
C:\Cursor AI\Micro Porject 2 Dupe Finder\Media\PXL_20250427_163401089.jpg,12089354,image,54dbbd6da8095c7e8bb20851a0f028a8fad37e8a21baaebb2d3dd22033880faf,970760018180fcff,1,nd_group_1
C:\Cursor AI\Micro Porject 2 Dupe Finder\Media\PXL_20250427_163404087.jpg,12472357,image,af2c7622aad2eecd2a0a79d69e695ff13e0d8d52ad6ebda15fb218ca6220ef34,07c000d300f0ffff,1,nd_group_1
C:\Cursor AI\Micro Porject 2 Dupe Finder\Media\PXL_20250427_163406789.mp4,153585288,video,872c286e896d3a36845b1f0a4611e1f4d30cdd355221d5b23f049d875ea4adab,,1,
C:\Cursor AI\Micro Porject 2 Dupe Finder\Media\PXL_20250427_163443830.jpg,10624101,image,e851f0b3e2869657f5ceaf61191ca66acee5f519986f4233210ed24c9f8cc2e0,0f4780f75300e0f0,1,nd_group_1
C:\Cursor AI\Micro Porject 2 Dupe Finder\Media\PXL_20250427_163446958.jpg,10980931,image,5c7f164e8595e7b8a96eee1877e59b48738d5e91c9fa093775f2e73965a14dd2,ffff000277000000,1,nd_group_1
C:\Cursor AI\Micro Porject 2 Dupe Finder\Media\PXL_20250427_163449018.jpg,11320499,image,6eadfadbf5c2d0da6614d06206793930ac7de4e3bc75419ffe0d8b027af537cb,ffff001337000000,1,nd_group_1
C:\Cursor AI\Micro Porject 2 Dupe Finder\Media\PXL_20250427_163450784.jpg,9128830,image,f9d0c918f59b7e4921cf1ae5d6d23f8bcda29e10f36255f510ea27c4d990e93d,ffff000333000000,1,nd_group_1
C:\Cursor AI\Micro Porject 2 Dupe Finder\Media\PXL_20250427_163452887.jpg,8472521,image,75ab4d699df07b673d0e6c9a069798815b18c446a07a7e467a18dc267b6b82b6,ffff001b37000000,1,nd_group_1
C:\Cursor AI\Micro Porject 2 Dupe Finder\Media\PXL_20250427_163455130.jpg,9158447,image,360741f089e2e1d0da10725937fbba08bbd2d98ea15e087de6a62a73effdec6d,ff7e001f46000000,1,nd_group_1
C:\Cursor AI\Micro Porject 2 Dupe Finder\Media\PXL_20250427_170234845.mp4,382096426,video,0ec78ab0a122bb9774b65b4abca5ca79fcb4a9f49f61867af80ecf0444c0fdb8,,1,
C:\Cursor AI\Micro Porject 2 Dupe Finder\Media\PXL_20250510_183227605.jpg,11698366,image,baa0f7edbb7778c85d6896c45da57e65a38f621749105556eb28a1744ad335a0,fffe00100c000000,1,nd_group_1
C:\Cursor AI\Micro Porject 2 Dupe Finder\Media\PXL_20250510_183231137.jpg,12152396,image,f540827a9fb665458da2259870873ebaa65015a60dce81a1ab9b2a85c4b76430,fff800608080f080,1,nd_group_1
C:\Cursor AI\Micro Porject 2 Dupe Finder\Media\PXL_20250510_183237005.jpg,7980632,image,155b45d2418437ef326546e3340e7f0c3c7da23112520887027ef3373e958874,fffff80000c0c010,1,nd_group_1
C:\Cursor AI\Micro Porject 2 Dupe Finder\Media\PXL_20250621_170523649.jpg,2885992,image,5de3e4576c31b4a29bf82a126a9b0e7ad121756f86c079e8820287663dc62bc6,03070f0f0f4ceeff,1,nd_group_1
C:\Cursor AI\Micro Porject 2 Dupe Finder\Media\PXL_20250621_170550481.jpg,2779585,image,2b8152d2b805db412399e21a0e5a66555ba9d592ec26c39386f546c5f1e61f16,00030b19191edfff,1,nd_group_1
C:\Cursor AI\Micro Porject 2 Dupe Finder\Media\PXL_20250629_172053676.jpg,8211191,image,276152e52f9801c0295e194fb52f90e52f1afa6ba1d0f0f6738734b549fcc2a8,fffefefef0f02400,1,nd_group_1
C:\Cursor AI\Micro Porject 2 Dupe Finder\Media\PXL_20250629_172057166.jpg,7240038,image,7765249537a691b1da70d7fbb1f52dfbf0ed7f80e30245f2c5e6b47d1bdf75ea,ffffff7f3f070600,1,nd_group_1
C:\Cursor AI\Micro Porject 2 Dupe Finder\Media\PXL_20250629_172105377.jpg,9332041,image,70b7d37f198becad485907d35fc874b40581e53ff6d3a936bc108465b57284fb,fefefefe0e080c84,1,nd_group_1
C:\Cursor AI\Micro Porject 2 Dupe Finder\Media\PXL_20250629_172111426.jpg,7000502,image,d795770b4acc2f9f354c9c9c18ede2063a4b9858859c6b4c6e0277f8bb844dda,f7f8f9f9f0f0c0e0,1,nd_group_1
C:\Cursor AI\Micro Porject 2 Dupe Finder\Media\PXL_20250629_172121616.jpg,8949973,image,83e2575901b8dd7f960a541eea3fb3dc8d47b83a6f0a8dee7a43e0184d693d2d,fffffefe1c060100,1,nd_group_1
C:\Cursor AI\Micro Porject 2 Dupe Finder\Media\PXL_20250629_210920561.jpg,7116424,image,0bf8de313c6aec25648255e259dec0cf4881705da8a18fecc7b62e61685b06ea,7e7c7f7f07030878,1,nd_group_1
C:\Cursor AI\Micro Porject 2 Dupe Finder\Media\PXL_20250629_220938448.jpg,8240243,image,dc33b9b2692ae8c25f9dd89ab635ad2894242e1ee5868e3d5cc271fb9c4b672b,7ffeffff09008219,1,nd_group_1
C:\Cursor AI\Micro Porject 2 Dupe Finder\Media\PXL_20250629_222732824.jpg,7369680,image,829be6bcb9d688c2a10fc47ad5a943fe88d3704af063c9312aa7b0a3762a1b3f,9fffffd1c1014148,1,nd_group_1
C:\Cursor AI\Micro Porject 2 Dupe Finder\Media\PXL_20250702_005441001.jpg,6875727,image,82e3ebcf4b1ef4f3563ea119b28883e2d9f79b495b543ebb131b3dca35093df2,017efe6e44003c70,1,nd_group_1
C:\Cursor AI\Micro Porject 2 Dupe Finder\Media\PXL_20250702_005448365.jpg,6719749,image,30fbfe0a1fc61713d1001fa98bdbac3462b7fd841d06bc7be54408de0a1534fd,3f7f7cfce0fc9818,1,nd_group_1
C:\Cursor AI\Micro Porject 2 Dupe Finder\Media\PXL_20250705_012610717.jpg,7635733,image,d16ac1471edec624309575623f8dbdeee12ebf2b311f66d59b74e181cf37c534,c1c303fffe200000,1,nd_group_1
C:\Cursor AI\Micro Porject 2 Dupe Finder\Media\PXL_20250706_162039471.jpg,3483349,image,95e61513149541de20a595020e2e242a319b1229f75a58cfc2731b95d0309531,f0f9e1808680f0f8,1,nd_group_1
C:\Cursor AI\Micro Porject 2 Dupe Finder\Media\PXL_20250717_155133242.jpg,6280533,image,b63f1088e70eb0734325515a3fda97e2822451ab9db839d9a8fd713367a48d8c,f8f84000077f3f3f,1,nd_group_1
C:\Cursor AI\Micro Porject 2 Dupe Finder\Media\PXL_20250717_155420605.mp4,226768230,video,526b8a07ca18c071e7dd8e76b44c67e3b463cee2e82e0af6c3ae758706b5f96a,,1,
C:\Cursor AI\Micro Porject 2 Dupe Finder\Media\PXL_20250717_155607578.jpg,9032254,image,940522648fcde22528a7f717d3144d328d8556385a60264b1bb87ad1c4ca70a2,fded0143eee0c0c0,1,nd_group_1
C:\Cursor AI\Micro Porject 2 Dupe Finder\Media\PXL_20250719_040330916.jpg,7967556,image,5c2fb2936d673d7b9737bd1c4489e6a2f1ac8b90cf910b484132fb0f09dc750d,808000fcfee7cf07,1,nd_group_1
C:\Cursor AI\Micro Porject 2 Dupe Finder\Media\PXL_20250719_040339719.jpg,7404262,image,5bac525271a6728f242d1fe058fea7e7a893482f19ff9fae031a42ee85f770b9,ffffc080ef0f0183,1,nd_group_1
C:\Cursor AI\Micro Porject 2 Dupe Finder\Media\PXL_20250719_040339719~2.jpg,3101367,image,b81d95eebca38eaa5028a181ff5ac78367f599ac0d537605f9c14faea2df4c38,ffc70000fccf0f00,1,nd_group_1
C:\Cursor AI\Micro Porject 2 Dupe Finder\Media\PXL_20250719_040355840.jpg,6744931,image,993ef3a552e77bfeb030b030d5d2e5e5f16bbc1303fb5823cb19d0d7cc8f3383,ff8f070e1218183e,1,nd_group_1
C:\Cursor AI\Micro Porject 2 Dupe Finder\Media\PXL_20250719_130039244.mp4,29922510,video,1df103b6c98571a5f5e283bc5acd8b727388c1a14c7772b738acb606b932b4e2,,1,
C:\Cursor AI\Micro Porject 2 Dupe Finder\Media\PXL_20250719_130039244~2.mp4,13261384,video,a2afc0fffe2791ff3f473e88118a8b9676ed3525fbb1cba77be6d2d4fe885625,,1,
C:\Cursor AI\Micro Porject 2 Dupe Finder\Media\PXL_20250719_130039244~3.mp4,13211837,video,ba7c02711f486e8b12de2c62dbd41c6d73d7eaf60a0ff499aabb897f0011b546,,1,
C:\Cursor AI\Micro Porject 2 Dupe Finder\Media\PXL_20250721_152157006.jpg,16772754,image,6edf1d907c86bea1188f97d2ec380d1352c92732341672f43cb72edcd597affb,ffe73f3b400000dd,1,nd_group_1
C:\Cursor AI\Micro Porject 2 Dupe Finder\Media\PXL_20250721_152204058.jpg,16017492,image,2da8e385e502c2d1c82949e7aabf8644276c8a1e2abc5d0f959910e041f22d61,33f7df03030319f8,1,nd_group_1
C:\Cursor AI\Micro Porject 2 Dupe Finder\Media\PXL_20250721_152243073.jpg,15431741,image,ad70c1853d1d264f5bb6bb1e8c5168bc0c1066451eff89745bce27b150a8d508,fcfcc4d0da074383,1,nd_group_1
C:\Cursor AI\Micro Porject 2 Dupe Finder\Media\PXL_20250721_152247664.jpg,12857336,image,771939eb68a793b412f75fdf6ea17a4dca4f099c1969fbc10992636f782edc06,d78372bc1ccc4187,1,nd_group_1
C:\Cursor AI\Micro Porject 2 Dupe Finder\Media\PXL_20250721_152253215.jpg,6741698,image,eeb23efeb7c2a11bf54f39c6cdcb2adafa4748aaec6928b0131f019895a3df02,ff04081b1a1a1a19,1,nd_group_1
C:\Cursor AI\Micro Porject 2 Dupe Finder\Media\PXL_20250721_152632034.jpg,15755814,image,cd570f8485aba72c213b1c08465f67f2e4e41f98354d1494481006d579855d46,c0ec1f3f03033375,1,nd_group_1
C:\Cursor AI\Micro Porject 2 Dupe Finder\Media\PXL_20250721_152804625.jpg,19947488,image,91f9dd09a050fccced2334ff63799f9c0350966416b00c4b6e430039d7ade464,7fff0301070f0c38,1,nd_group_1
C:\Cursor AI\Micro Porject 2 Dupe Finder\Media\PXL_20250721_152806323.jpg,19525592,image,9dbe19e6e26555fd3a1c872b7bf484889fe0565e203c05b0e2df28d11bdc84b0,3f7f070103070f3c,1,nd_group_1
C:\Cursor AI\Micro Porject 2 Dupe Finder\Media\PXL_20250721_153011269.jpg,14548101,image,6d6317a8fdb827ce192c8f34b9abc21b59c568f2fc001189e1cc45c584a247fb,0f04ffc70f0f1f00,1,nd_group_1
C:\Cursor AI\Micro Porject 2 Dupe Finder\Media\PXL_20250721_201404889.mp4,165750771,video,0d1cd2ab1dafeb86c4a044997177a51f8dc7c85ea9e205d56b3fe167fd6cf12e,,1,
C:\Cursor AI\Micro Porject 2 Dupe Finder\Media\PXL_20250723_144812314.mp4,142590186,video,4896e6200c5d036b13be37c7e3e99945fe43eaef41f49db6826fdfbe472b6a7c,,1,
C:\Cursor AI\Micro Porject 2 Dupe Finder\Media\PXL_20250723_195712241.mp4,31431987,video,d4d9eb80cc83e20d132787d05521d3698a314f190c09dff02a48c90cca1dc4ee,,1,
C:\Cursor AI\Micro Porject 2 Dupe Finder\Media\PXL_20250723_215742499.jpg,11412277,image,ab8034cbb71893bedc70ffd6f3353f9880ef451f9a0840f23d2a6cb61a298384,fffeffc700000000,1,nd_group_1
C:\Cursor AI\Micro Porject 2 Dupe Finder\Media\PXL_20250725_142103921.mp4,132597409,video,ac019c09465c59c3b7bf4d54045d84a0636bd2b7cc5d45abcc6de755738d285a,,1,
C:\Cursor AI\Micro Porject 2 Dupe Finder\Media\PXL_20250725_142148703.mp4,80640883,video,866f6f8e19b45c0879cb08f25a61984f4acae5a241151eba055fc543be6d8408,,1,
C:\Cursor AI\Micro Porject 2 Dupe Finder\Media\PXL_20250725_143550558.mp4,198899013,video,94a0c5adf625d6095eab838b79b39762453ba069f39f985eb5b63902cea4cae3,,1,
C:\Cursor AI\Micro Porject 2 Dupe Finder\Media\PXL_20250725_171359075.jpg,10456449,image,1d31fde0858508383bda8eeda14a78926f6449910ae31744a850e8691d52f755,f0f8be1e04010300,1,nd_group_1
C:\Cursor AI\Micro Porject 2 Dupe Finder\Media\PXL_20250725_171407630.jpg,7770462,image,a068b9414865c67aa4d77f5dbda56fce111a94b8758fd08b46e495981107fa14,0780f81c1e0c0000,1,nd_group_1
C:\Cursor AI\Micro Porject 2 Dupe Finder\Media\PXL_20250725_171428848.jpg,6647260,image,a0c1f699cbef8779eb84a51b84ca181944a016a013409b3139696f3d9ca5c9c0,dddf0e071f2e0c00,1,nd_group_1
C:\Cursor AI\Micro Porject 2 Dupe Finder\Media\PXL_20250725_171431173.jpg,6620671,image,26ad63f842b5a022a58f6c045b977c6cc63072fe567d0d82eb27283fce0d727f,ec1e3c3d1e180000,1,nd_group_1
C:\Cursor AI\Micro Porject 2 Dupe Finder\Media\PXL_20250725_171435869.jpg,6668318,image,a6f4cf6ec68144f2499358e1189c1ff0e6d63fcd405ee1f10104f416df122885,80070f1f1e3f0000,1,nd_group_1
C:\Cursor AI\Micro Porject 2 Dupe Finder\Media\PXL_20250725_171438095.jpg,5732874,image,a4cbd4b7b3edf423a972c717268d821336e55e5defa608ee580da4c03ea22324,80060f1f1e3e1000,1,nd_group_1
C:\Cursor AI\Micro Porject 2 Dupe Finder\Media\PXL_20250726_151241066.jpg,6979054,image,327e981695bd31ba3d634306235917d8b06ac66d8f18d0a535b4c3838cdc2f12,01c7cf21013f5f1f,1,nd_group_1
C:\Cursor AI\Micro Porject 2 Dupe Finder\Media\PXL_20250727_193433805.jpg,7356550,image,5308b01dad8d99d7ac0438493eceef213e0835a301eed638709be738595b0617,bff3313908143406,1,nd_group_1
C:\Cursor AI\Micro Porject 2 Dupe Finder\Media\PXL_20250727_193437184.jpg,7630915,image,b755086e12f2fc353d730abcd20dff11f5a732193068c3851d7bd976d4c8fe60,3f3f272313900707,1,nd_group_1
C:\Cursor AI\Micro Porject 2 Dupe Finder\Media\PXL_20250728_151543421.jpg,8052884,image,30b2341cd8160736d423b33c807a30246f04fb85fb21c684223cc8a1561fadee,1c9e9af078ccfeff,1,nd_group_1
C:\Cursor AI\Micro Porject 2 Dupe Finder\Media\PXL_20250728_151546207.jpg,8562477,image,b91ae16d97ade0fa52fd751ca1738458e8f721cfcc3f57362de7c95c407f7770,370e1e66733f1f07,1,nd_group_1
C:\Cursor AI\Micro Porject 2 Dupe Finder\Media\PXL_20250728_151550798.jpg,6164468,image,534a5fb8533c36174a040897f7b4412357134751b4c634650fc9e54248dea0fa,fff7c1c0e0e0fcfe,1,nd_group_1
C:\Cursor AI\Micro Porject 2 Dupe Finder\Media\PXL_20250728_151553172.jpg,5607606,image,36b19b11fa344887635b1b94501d9f20898fb67d158413f829d3173313b75af8,4f1f3fbf8781e1ff,1,nd_group_1
C:\Cursor AI\Micro Porject 2 Dupe Finder\Media\PXL_20250728_151726177.jpg,8907108,image,52e0d92103e01a8123a5332f6a5103ed5eebe6eedbd782fd7fb3755d959956fe,000071f3f7effefc,1,nd_group_1
C:\Cursor AI\Micro Porject 2 Dupe Finder\Media\PXL_20250728_184655962.jpg,8568696,image,eacdd4754b4a048c3f76f1cd22a1c23dff3333318b86d9f9489405b9ac67f45c,fc0000ffefffffff,1,nd_group_1
C:\Cursor AI\Micro Porject 2 Dupe Finder\Media\PXL_20250728_184700561.jpg,8497116,image,87864b17258a46281ced0964be685f9804e040b678638671b6c9581f3075a519,00e4e7838fdfffff,1,nd_group_1
C:\Cursor AI\Micro Porject 2 Dupe Finder\Media\PXL_20250728_184703544.jpg,7550636,image,abc1e68870a5c02eec7250422162c826968407a508b2faccd51083447dacf258,00c4c38f9fffffff,1,nd_group_1
C:\Cursor AI\Micro Porject 2 Dupe Finder\Media\PXL_20250728_184706066.jpg,8281493,image,5a10bc8125a82b383a198d62e514871e5b95b884adb309d4cd5a5471c43989d3,0000fef3e7f7f7f7,1,nd_group_1
C:\Cursor AI\Micro Porject 2 Dupe Finder\Media\PXL_20250804_152638671.jpg,5097668,image,753e57005610c53e131a39f3003dc84c8ff261e943c0466c420d53933f266bb9,fee0e0c080007ffe,1,nd_group_1
C:\Cursor AI\Micro Porject 2 Dupe Finder\Media\PXL_20250817_021309947.jpg,8606274,image,d80e52c7367b6483a8641e5b44e29a119228ba44f3f2d97378b7f23d573281ad,0000007cfeff06ff,1,nd_group_1
C:\Cursor AI\Micro Porject 2 Dupe Finder\Media\PXL_20250817_021316061.jpg,8303007,image,5e716ef99692103c0068acfbdcd5242ab9fdaff0b226e8753ce7c548f375c4b7,000050fcff6f3e7f,1,nd_group_1
C:\Cursor AI\Micro Porject 2 Dupe Finder\Media\PXL_20250822_004715074.jpg,7510875,image,5e56fbf1cea436efbc772ac6f586da93ca4238c1070a57865e24ddccf51b387c,f4f6ffd598980078,1,nd_group_1
C:\Cursor AI\Micro Porject 2 Dupe Finder\Media\PXL_20250822_004719343.jpg,7238358,image,92d157f47b3ed4042a35ecc0990bc9faaf99fc6faa890fea11bfe7d54cf96cdd,fce4febf111020f0,1,nd_group_1
C:\Cursor AI\Micro Porject 2 Dupe Finder\Media\PXL_20250822_004811701.jpg,8342158,image,3f99dfbd510732f83267582da3767fc8a6918866811b545db7f0175efdd6d385,ffff1f0001270f06,1,nd_group_1
C:\Cursor AI\Micro Porject 2 Dupe Finder\Media\PXL_20250822_004814084.jpg,7455478,image,d23c395306dc98b0291f67f1a3c83e7fb2b19d86d138a2d2f625d67fee686675,ffff1f0001370f07,1,nd_group_1
C:\Cursor AI\Micro Porject 2 Dupe Finder\Media\PXL_20250822_004820687.jpg,6774039,image,85532aebf431a838045f96909020c5b4f8b1e04de354241e679aedbd4e618894,ffff1f0001370f06,1,nd_group_1
C:\Cursor AI\Micro Porject 2 Dupe Finder\Media\PXL_20250822_004826604.jpg,8215003,image,9a05f9d611d114a926622bd23580a5eaee9df89a6c9a6f0f10c900ebb6cca941,ffbf879193870707,1,nd_group_1
C:\Cursor AI\Micro Porject 2 Dupe Finder\Media\PXL_20250822_004834446.PORTRAIT.jpg,1831968,image,c1814a420ee7c7f826bdeb2c8c0d08c0bcd1d2dd128766637e41d4417f121202,3f3fffe1e707070f,1,nd_group_1
C:\Cursor AI\Micro Porject 2 Dupe Finder\Media\PXL_20250822_005336128.jpg,8297802,image,11803fa34292d0f58e2385a7e30e6ec3afd70039dc0af8d6b35c0cf902ecf717,7ffe1e37332080c0,1,nd_group_1
C:\Cursor AI\Micro Porject 2 Dupe Finder\Media\PXL_20250822_005347430.PORTRAIT.jpg,5282214,image,f018e98104af4a6500eb010c448511a3c977cdf679a493bffac6d9739a48b76f,cf377371797c0000,1,nd_group_1
C:\Cursor AI\Micro Porject 2 Dupe Finder\Media\PXL_20250826_162057922.jpg,5821355,image,b866b0c31bc92eb48c33948dcb6819910e9026a2ebcb3ba33de8e399acab890f,0060007cf8fcfce0,1,nd_group_1
C:\Cursor AI\Micro Porject 2 Dupe Finder\Media\PXL_20250826_162141969.jpg,7469625,image,f81c41556f897417343a114ca977216f72738055b2030570b6143cdb89d8340a,18f892f1eddcf8c0,1,nd_group_1
C:\Cursor AI\Micro Porject 2 Dupe Finder\Media\PXL_20250826_162143836.jpg,7282216,image,768ee0ac65cb9188c7e95c0962b462fde2077788e226c1e26120f056c270afe5,18fab2f9ecf9f800,1,nd_group_1
C:\Cursor AI\Micro Porject 2 Dupe Finder\Media\PXL_20250904_181146556.jpg,9544560,image,33b424463c7ba7cffe1772ab9661e1f571bf45308070aa403faa73b299da688a,3f7cc81bb9f8c441,1,nd_group_1
C:\Cursor AI\Micro Porject 2 Dupe Finder\Media\PXL_20250904_205401111.jpg,8451923,image,2587d68c737ca23090efb550b97f912744bdf04b1423066b7267e11c3ef67918,fefefe3e06000306,1,nd_group_1
C:\Cursor AI\Micro Porject 2 Dupe Finder\Media\PXL_20250904_205405360.jpg,5111323,image,5ef49bcd5771e5b0da570c917577e1a4a5c66e676d981570f57bbc47920a8e45,ffffff8703030000,1,nd_group_1
C:\Cursor AI\Micro Porject 2 Dupe Finder\Media\PXL_20250904_205407438.mp4,60711849,video,d1ebf0fd03dbf8437653e04a01be73007af10178fc561265bb55c930668cd7d6,,1,
C:\Cursor AI\Micro Porject 2 Dupe Finder\Media\PXL_20250904_205427591.jpg,8168357,image,08205cb1a6450bd22a9748d9ae447a62c697a56f54d0aa56176ed4ec0609e53a,ffffe30101020000,1,nd_group_1
C:\Cursor AI\Micro Porject 2 Dupe Finder\Media\PXL_20250905_151803849.jpg,8715337,image,b4d1b007fe665c32e36cab5332e9562f140e7921d8532c06b98033bd5764cf65,ffff6f070f060400,1,nd_group_1
C:\Cursor AI\Micro Porject 2 Dupe Finder\Media\PXL_20250905_152123187.jpg,7175660,image,d24e63724263a665237af201587ea085304f053e8e8e0ed7471782b03d939aa8,9f0f0f033b0381c1,1,nd_group_1
C:\Cursor AI\Micro Porject 2 Dupe Finder\Media\PXL_20251009_015746994.jpg,8522699,image,1898cdce6dde163db57454a8789cdfd6082f7f20fe90b0b96ceb4659e0b91b3b,f8f88c0c1f071bbb,1,nd_group_1
C:\Cursor AI\Micro Porject 2 Dupe Finder\Media\PXL_20251025_170157126.jpg,10051754,image,66c5f7f79e8ff16be686248b514ca52dd0d8afb248e39d7551844bd8f33f08b7,e0c00020e9fcfcfe,1,nd_group_1
C:\Cursor AI\Micro Porject 2 Dupe Finder\Media\PXL_20251025_170158434.jpg,10172298,image,01a7dcc743c345edfdb68dfcfb00d2337729e0eef2d4bc6658de1e6bcf089f84,c0c04020f8debe7f,1,nd_group_1
C:\Cursor AI\Micro Porject 2 Dupe Finder\Media\PXL_20251025_170159807.jpg,11203414,image,1eb3f9e448ab4c7a50290537ef1d493151c8eb7556cf072181a994e2e1188c03,c0c00060f8defe7f,1,nd_group_1
C:\Cursor AI\Micro Porject 2 Dupe Finder\Media\PXL_20251025_170207253.jpg,6946794,image,afab484990b99dd656d984c630b06aa144678ee8af7396b649ac5e9c9c0d97c2,0382060c7cfcff3f,1,nd_group_1
C:\Cursor AI\Micro Porject 2 Dupe Finder\Media\PXL_20251025_170211387.jpg,4861527,image,7bca656679fc63bfe57bc965b507d643cc055fc402227ae3ca68b0eff5327746,7f81f6e6e8f8fc60,1,nd_group_1
C:\Cursor AI\Micro Porject 2 Dupe Finder\Media\PXL_20251025_170213063.jpg,4780568,image,6ca32abba7f0987c91dc1075fd123742f397427ba41e7aa4cdc5f76481e2888d,3030308013bf7e26,1,nd_group_1
C:\Cursor AI\Micro Porject 2 Dupe Finder\Media\PXL_20251025_170220299.jpg,12928651,image,7a3e8622d00ea80c46c35d60056f40bdfa0bfcf85706ddcf2d7d208957e2364c,000070d81cffff3f,1,nd_group_1
C:\Cursor AI\Micro Porject 2 Dupe Finder\Media\PXL_20251031_220718189.jpg,5863235,image,f7a44cb620be48afeb143e2cd2a06dc476b7a8c79b6ea605a48f386dd27b31f4,ffffe7e6e2c00000,1,nd_group_1
C:\Cursor AI\Micro Porject 2 Dupe Finder\Media\PXL_20251031_220733977.jpg,5699175,image,c325db6661f6fc2ed383db87446c950ca7d9296efd0d5b4962f98b720f9908a0,fffef7e2e0e00000,1,nd_group_1
C:\Cursor AI\Micro Porject 2 Dupe Finder\Media\received_1363957420808380.jpeg,71645,image,3209644e614d57a36b8ccb5048653efe898adecdcf9d433b327853e0bb9c8c21,3f1ff8b99f038080,1,nd_group_1
C:\Cursor AI\Micro Porject 2 Dupe Finder\Media\Screenshot_20220408-154553_Snapchat.jpg,435668,image,97229989bf11bd200560295ef3bcbb1149ae57fd39a7854dac59729d7838333e,7fffcf7f83c10000,1,nd_group_1
C:\Cursor AI\Micro Porject 2 Dupe Finder\Media\Screenshot_20220408-155659_Snapchat.jpg,149681,image,4145b9c8710f240bf2c7a9478ba0ce314afb1faad3e1ebc4779106c8f91a52c0,ffcf474707414000,1,nd_group_1
C:\Cursor AI\Micro Porject 2 Dupe Finder\Media\Screenshot_20220408-181151_Snapchat.jpg,124384,image,f89bdd0ef0a77bd54770cdd13e4981e2c7831c01172047998d9559725e42998d,ffff0f8301410000,1,nd_group_1
C:\Cursor AI\Micro Porject 2 Dupe Finder\Media\Screenshot_20220813-203534_Snapchat.jpg,102209,image,585c2f1b2349010e79ad08da61b6de4d5c739be462c67b0035f3dd6973b292cb,bdbcbcac0800183f,1,nd_group_1
C:\Cursor AI\Micro Porject 2 Dupe Finder\Media\Screenshot_20221026-152953_Snapchat.jpg,468667,image,6abec894a0f81861f02829005120bb44b2e7cbbe12226ede9b4203a0a2e0e374,f9fde1f9db93c200,1,nd_group_1
C:\Cursor AI\Micro Porject 2 Dupe Finder\Media\Screenshot_20221116-130829_Lightroom.jpg,186062,image,94a354bc53fb03e79012d2f2f71dc18012aed9ac40ef802053de0f8f05574388,bd3c381008040383,1,nd_group_1
C:\Cursor AI\Micro Porject 2 Dupe Finder\Media\Screenshot_20240425_093516_Snapchat.jpg,529786,image,0a2a8971f5217a9c87dcb187d279e5135e9e4c002cbce0d4e042a372df3464f7,ffcb9f0303c5e000,1,nd_group_1
C:\Cursor AI\Micro Porject 2 Dupe Finder\Media\Screenshot_20240425_093753_Snapchat.jpg,544772,image,db520090baa7b9a182ce56ae5c0ec3b56ad8618bf6bfb5f59c17823f606a9f05,efcbcb0b01078000,1,nd_group_1
C:\Cursor AI\Micro Porject 2 Dupe Finder\Media\Screenshot_20240830_074421_Snapchat.jpg,509566,image,cd138d2ff2b0543789beee4e43f7b7866bd22c3b31a2b8f66ec2273e7050a2d6,fedeefc793010100,1,nd_group_1
C:\Cursor AI\Micro Porject 2 Dupe Finder\Media\Screenshot_20240830_074427_Snapchat.jpg,498332,image,db70790393317463d0d648ab82b9331357c2406068109c8252949435ead4598d,ffdecfc793010100,1,nd_group_1
C:\Cursor AI\Micro Porject 2 Dupe Finder\Media\Screenshot_20240911_182918_Snapchat.jpg,450331,image,09eeec802b9d9e2ea3fa2b68b5ef0b14ecea607b0696b098c914a5c3efed7767,fffff76f81840000,1,nd_group_1
C:\Cursor AI\Micro Porject 2 Dupe Finder\Media\Screenshot_20250924-103937.png,90099,image,64694c39a54108572eb4e592253ff89b8565cebae8149e9e99e0a8fff960331d,bd1cfcff18ff1c1c,1,nd_group_1
C:\Cursor AI\Micro Porject 2 Dupe Finder\Media\Snapchat-1012907646.jpg,621452,image,9217fcfcc1da2b99d70ad2be6894dfc0fa1892fdb62b5f9311fcc7a6cfcaa3c3,00f8f8c0a626fefc,1,nd_group_1
C:\Cursor AI\Micro Porject 2 Dupe Finder\Media\Snapchat-1038577560.jpg,1209268,image,ab5699e9427c9974b17d15e4d16f3b87fa26258f70efc3258f238dfb3a6ba22d,0000001038dfffef,1,nd_group_1
C:\Cursor AI\Micro Porject 2 Dupe Finder\Media\Snapchat-1091239024.jpg,238542,image,03f01228e9971264c49b29c40eaa3c60a6058de9470e05ccb28330c8ac016e9f,10f8e0e8dce4ffff,1,nd_group_1
C:\Cursor AI\Micro Porject 2 Dupe Finder\Media\Snapchat-1119926769.jpg,420344,image,ede6d7305c72ff6ad955996ce550d3542621803a5ffd30b4ef076aac6d4037bb,fffbf3c0e020e003,1,nd_group_1
C:\Cursor AI\Micro Porject 2 Dupe Finder\Media\Snapchat-1125292401.jpg,479798,image,de05ec2654802afaa5b0e340cfceb9c5ab896cf83768e9ece9c36db6fa1732bd,0000183c3ddfffef,1,nd_group_1
C:\Cursor AI\Micro Porject 2 Dupe Finder\Media\Snapchat-1141574102.jpg,784173,image,965d3dcfe455f25677f5b53cd6ffa284e4a4396bd949da8ac3c7a285dd7de13c,ff77e77c20040000,1,nd_group_1
C:\Cursor AI\Micro Porject 2 Dupe Finder\Media\Snapchat-1150552939.jpg,119397,image,6eebd8e699ad271b38789a08fb4b89241643260dcedf01506b061f05a12a54f9,d8ffe3c7c745c4c0,1,nd_group_1
C:\Cursor AI\Micro Porject 2 Dupe Finder\Media\Snapchat-1209271670.mp4,3638330,video,9b772ee4876fd04e153b85e940fd1e4cfa4ddd9e06c1a0c1e5a7d22d634964c8,,1,
C:\Cursor AI\Micro Porject 2 Dupe Finder\Media\Snapchat-1211168486.jpg,292305,image,072f5868641e738b4e5feb4c5a7b74e28d928adacceb9cdea33272901505148a,7cffefc7c7e18080,1,nd_group_1
C:\Cursor AI\Micro Porject 2 Dupe Finder\Media\Snapchat-1228352560.jpg,325418,image,0dfd99f726de1fe4685573b17874928c9d6c458f801d8ec8e55490939f5dc628,fcfcfcf0ec0ffe80,1,nd_group_1
C:\Cursor AI\Micro Porject 2 Dupe Finder\Media\Snapchat-1260666100.jpg,302927,image,db8adea4907986852f1fd94e90dd7f894a99a359ff029d82e2b1ac11db87f744,ffffffcf80410003,1,nd_group_1
C:\Cursor AI\Micro Porject 2 Dupe Finder\Media\Snapchat-1311284605.jpg,409135,image,0b5760e71b3588d7eb21154a5afbf87767d0464ed2790d92ace1a30d0c3ba8e8,ffd3dba3b000070f,1,nd_group_1
C:\Cursor AI\Micro Porject 2 Dupe Finder\Media\Snapchat-1334593618.jpg,437234,image,fcf0ccc8bacd0e3df25139e15739787100cc514a6b5c38e3cd4cbe34934e86ca,fc3e06060f1e3f6e,1,nd_group_1
C:\Cursor AI\Micro Porject 2 Dupe Finder\Media\Snapchat-1377740853.jpg,258859,image,aabefd4b40f0a0866cbfecfc1703d7bed6e09c7c1d3cfdac77c7c63d940986ed,f4f4fc6444647c60,1,nd_group_1
C:\Cursor AI\Micro Porject 2 Dupe Finder\Media\Snapchat-1388155291.jpg,250510,image,8b8a9d69950a18c78968e2e6d69b3eb795a529333c2bde48e18a8ef574982802,e2c7ce8d808f9f83,1,unique
C:\Cursor AI\Micro Porject 2 Dupe Finder\Media\Snapchat-1388778891.jpg,844182,image,0a184a17b7361fefa0e2c5b42ed332168b7a9cbe21f1c780c9cabd611d2e39dd,f393c3c363038000,1,nd_group_1
C:\Cursor AI\Micro Porject 2 Dupe Finder\Media\Snapchat-1397624891.jpg,496126,image,f4e5db4e61fc709e77fffb249e10c32129f700c5b5db65694a18180a1d550329,0efffff080013f0f,1,nd_group_1
C:\Cursor AI\Micro Porject 2 Dupe Finder\Media\Snapchat-1403030402.jpg,1248111,image,6e3e1c51a746ddb8bf70ac2ac7137b5b28305abad885550354ffea75ad873197,93c3c181070f9bbf,1,nd_group_1
C:\Cursor AI\Micro Porject 2 Dupe Finder\Media\Snapchat-1452674628.mp4,30328981,video,1d486ec4246de5a67420b5e326eb7f298d912f3c3553e8c9970f7ad00447a2b9,,1,
C:\Cursor AI\Micro Porject 2 Dupe Finder\Media\Snapchat-1468080314.jpg,411859,image,18e6163fafd4f59e21315ea59ec9ede4b803fcea847620e7caaae45ef72b425c,e7ffff7f5e666000,1,nd_group_1
C:\Cursor AI\Micro Porject 2 Dupe Finder\Media\Snapchat-1468499570.jpg,411859,image,545c529df3254d7b448777dada91ae1a27d87e4d471c67a174bb6c5bca8f9556,e7ffff7f5e666000,1,nd_group_1
C:\Cursor AI\Micro Porject 2 Dupe Finder\Media\Snapchat-148509486.jpg,405954,image,00f6df650ff5f39ab5b9ffe1fc8b10be38a753f0fb5849a94985f63761bb3bbe,0000fcfc7e7e0000,1,nd_group_1
C:\Cursor AI\Micro Porject 2 Dupe Finder\Media\Snapchat-1534340290.mp4,1294077,video,e7097bac638bbd7849c39f02a48b77d252c9b1e4c01b15559c06061ee26b75df,,1,
C:\Cursor AI\Micro Porject 2 Dupe Finder\Media\Snapchat-1536061570.jpg,946729,image,5c7ae7781909595ec7dd61ce0d04ea821179cfdd560cf115cd2814806ad152fe,ffff839307030000,1,nd_group_1
C:\Cursor AI\Micro Porject 2 Dupe Finder\Media\Snapchat-1573148341.mp4,2202260,video,38ec9e4e817393277c70a2c8b966ae39c7f22dd7269efc63d0dcf851b2dd24d2,,1,
C:\Cursor AI\Micro Porject 2 Dupe Finder\Media\Snapchat-1626411116.jpg,921336,image,b637a2efe9ec08e665660e33ad8db60b677c39e40d7c94c1916246bfbb1eccec,e7ffff7f5e666000,1,nd_group_1
C:\Cursor AI\Micro Porject 2 Dupe Finder\Media\Snapchat-1632832739.mp4,8679673,video,82715b1bb4568e65db51c2f0bb3fe5702a1b5f54b5c37d13219665bba017d9d6,,1,
C:\Cursor AI\Micro Porject 2 Dupe Finder\Media\Snapchat-1640712442.jpg,142625,image,4db2c25b7505fa203e174b3172ebf6eec081e6e1e1c1858fb1f7217caa598da7,f1e1e1f3e280a198,1,nd_group_1
C:\Cursor AI\Micro Porject 2 Dupe Finder\Media\Snapchat-1649669388.mp4,11019829,video,d3fb1702bde8b2de1cb756aaa75fe95bacf0f417e6c07a4fecbc95bf22a07b65,,1,
C:\Cursor AI\Micro Porject 2 Dupe Finder\Media\Snapchat-1670264894.jpg,260378,image,acfaed9e486fa11353bb060db912fe7cc6d9d253895469b9b2810f20493f2adf,fffff7f700c48000,1,nd_group_1
C:\Cursor AI\Micro Porject 2 Dupe Finder\Media\Snapchat-1670687850.jpg,482472,image,58e2976c7e2d6335e35f11e956432d0f3b67c7ee97ec441e2ebba08507e9d618,03020747470f0703,1,nd_group_1
C:\Cursor AI\Micro Porject 2 Dupe Finder\Media\Snapchat-1697108675.jpg,88840,image,5edd78d2c0deea381d13747d40b4f331ccf6077a9898741c9523537b7c37879a,fff7f7e383818180,1,nd_group_1
C:\Cursor AI\Micro Porject 2 Dupe Finder\Media\Snapchat-1740050841.jpg,453355,image,e1cf91f003c334aa8490f4372a4b691536a72a839522aaa10c0db40157c09793,000000f8c0f8f8fc,1,nd_group_1
C:\Cursor AI\Micro Porject 2 Dupe Finder\Media\Snapchat-1742942033.jpg,276180,image,9defcd7972283d3d0d6f2581c8c07ce01592029f77333f2275d455cf8a175794,fcf0fcf070f93f0c,1,nd_group_1
C:\Cursor AI\Micro Porject 2 Dupe Finder\Media\Snapchat-1802732172.mp4,2355548,video,16626fe9452056dece0befb1f155441b3cf035474d21f8b8656e671a229bb345,,1,
C:\Cursor AI\Micro Porject 2 Dupe Finder\Media\Snapchat-1872485894.jpg,1655893,image,7deadc305aa83ffb18b03595668ec99b4c7e755d200b112f67f950492146d346,00381f1e1e1910ff,1,nd_group_1
C:\Cursor AI\Micro Porject 2 Dupe Finder\Media\Snapchat-1882726552.mp4,2879279,video,d8268e1b69e1abd814031e02af2554dc399783037c2e455376317206f052d113,,1,
C:\Cursor AI\Micro Porject 2 Dupe Finder\Media\Snapchat-1900177650.jpg,82835,image,3fca5deef77f76bb98b1037526510913077725ca3349c3fa608dceebef20a1fe,dfd99dc989880088,1,nd_group_1
C:\Cursor AI\Micro Porject 2 Dupe Finder\Media\Snapchat-1937755820.jpg,132025,image,53dbe6ee7cbfc0c303af26b89446f7c85c655917b62ca5f6b0d038d8b89d918b,fff7f7e383818180,1,nd_group_1
C:\Cursor AI\Micro Porject 2 Dupe Finder\Media\Snapchat-1941086671.jpg,110316,image,3aa8e0200957dcbabb928e822adf7e9575a24d21b6be919587f8afc0ebe2a1ee,ffffefc7c4ce8480,1,nd_group_1
C:\Cursor AI\Micro Porject 2 Dupe Finder\Media\Snapchat-1957266284.jpg,411858,image,4f526d47fbae8dcd68d3b812f7903ae4cb43f6997bc494250d42411bf4aaa3de,fff7e7c3c0420000,1,nd_group_1
C:\Cursor AI\Micro Porject 2 Dupe Finder\Media\Snapchat-195903960.mp4,8804477,video,37d6240ec13b1e8376716584c00e19b65a8d398a637ef105957a54a391e98689,,1,
C:\Cursor AI\Micro Porject 2 Dupe Finder\Media\Snapchat-1990356355.jpg,1021725,image,8d287129d960f6a68a96bd68dcad1f234f7b991073e5f982032737908f35be2a,607cfc4b5cc4f4ff,1,nd_group_1
C:\Cursor AI\Micro Porject 2 Dupe Finder\Media\Snapchat-1994662035.jpg,366725,image,87f67c234fa65b608c271e59f4eba0b1e57495f1226336e4234452e46b3d2396,3063f3fffe3c0007,1,nd_group_1
C:\Cursor AI\Micro Porject 2 Dupe Finder\Media\Snapchat-2009244931.jpg,1018986,image,044170ca1e82662b4b024af5c61561eb392235f0fa412d6c7ba5651568df6f7f,000007173f3f4567,1,nd_group_1
C:\Cursor AI\Micro Porject 2 Dupe Finder\Media\Snapchat-2012730962.jpg,1282702,image,845bc36e6c4f5f6655810228b2368ab2b242b3fb5d02cf296525422d4fd7c531,e03f3f3f07170105,1,nd_group_1
C:\Cursor AI\Micro Porject 2 Dupe Finder\Media\Snapchat-2078090050.mp4,9236040,video,ff4c785026a66a9a6a5de7255c9caaec1bd2719731ab96588975295fe95236ad,,1,
C:\Cursor AI\Micro Porject 2 Dupe Finder\Media\Snapchat-2085489938.jpg,767692,image,13885ac01dddfe1880795fa489f4087c717f2c556230245a24df4adb840106bf,0f010fcef3f838f0,1,unique
C:\Cursor AI\Micro Porject 2 Dupe Finder\Media\Snapchat-20885633~2.jpg,191139,image,fcf9fc3caf8a95ff4f8d77c09a7741e52eb70d45daa3a8dc0798bda22b22f036,03c38307ef0d0b57,1,nd_group_1
C:\Cursor AI\Micro Porject 2 Dupe Finder\Media\Snapchat-2131781384.mp4,11398005,video,9b662b4b440a07f63ab71771988a96a2ceaf22bbf123f9f043951583707f1697,,1,
C:\Cursor AI\Micro Porject 2 Dupe Finder\Media\Snapchat-233948091.mp4,10629385,video,1e7410c3bb0d49b57dc5e147fc9a78c156cddbd262285b7b72835232f18873b0,,1,
C:\Cursor AI\Micro Porject 2 Dupe Finder\Media\Snapchat-263765647.jpg,103651,image,8e912218aba75c2af41507df86bd03d98db096569af9f5db4632d32ace5105ef,3c3c143f7e7e3c04,1,nd_group_1
C:\Cursor AI\Micro Porject 2 Dupe Finder\Media\Snapchat-274579212.jpg,162955,image,48a4bc0aceb72dfc460e322460d343c6df675f19a6d2b5d556e6de57a595dfa2,ff470f0f059cc0fd,1,nd_group_1
C:\Cursor AI\Micro Porject 2 Dupe Finder\Media\Snapchat-276099724.mp4,12978289,video,ab4198c2216f76e809dfd6d2395d6ed306dfe1b46e5b612894d72a22b960d011,,1,
C:\Cursor AI\Micro Porject 2 Dupe Finder\Media\Snapchat-289864090.mp4,11405625,video,dd954f220ec2767d505773cb68575cfcdf0b5795e1495b81ae217df1228fddf2,,1,
C:\Cursor AI\Micro Porject 2 Dupe Finder\Media\Snapchat-303301083.jpg,644567,image,bd0bd513b3faf75a9f703ae9f748a3993d0aa9644f0e8439dfd5d89202237c66,0d87cf410101010f,1,nd_group_1
C:\Cursor AI\Micro Porject 2 Dupe Finder\Media\Snapchat-309573937.mp4,19496181,video,810d5a401df31b0780d7797dcd291703e45f3b86f97766b905ad63490c685a92,,1,
C:\Cursor AI\Micro Porject 2 Dupe Finder\Media\Snapchat-363959583.jpg,584576,image,af34a1a2c9b2082852dcab55c71e6d37320fdf58a94c7f7f22af6cc1fe8c35f8,c7809c3c1c1878ff,1,nd_group_1
C:\Cursor AI\Micro Porject 2 Dupe Finder\Media\Snapchat-432799015.jpg,407066,image,0bbcc74a3e5faf6432b299afa7933da80ba6efa2be94568363c71d7c30385c70,ffcfc7c7c10080e0,1,nd_group_1
C:\Cursor AI\Micro Porject 2 Dupe Finder\Media\Snapchat-432799015~2.jpg,246811,image,ca8a4c2ef1a4233f3abc84fde320dd1e6fed759bc2fba479a2fd5bb00429213e,ffcfc7c7c10080e0,1,nd_group_1
C:\Cursor AI\Micro Porject 2 Dupe Finder\Media\Snapchat-45071760.jpg,1146767,image,725467718943214876fee7d1a8621500a4b46236ea281479773ad2909525a830,fcf8f0f8f070c080,1,nd_group_1
C:\Cursor AI\Micro Porject 2 Dupe Finder\Media\Snapchat-552401032.jpg,127834,image,aa2e6442222687aa3b3d8360db607f7e3a63ba20605df6a98dced0f58364ed8f,ffef4f0703414000,1,nd_group_1
C:\Cursor AI\Micro Porject 2 Dupe Finder\Media\Snapchat-570502045.jpg,380144,image,11118b4f64fbd83d4df93be1a7409e374aa5ef4487cf9354ec47a01d2fea62fe,81e1e1400010f6c7,1,nd_group_1
C:\Cursor AI\Micro Porject 2 Dupe Finder\Media\Snapchat-592151409.jpg,1110487,image,2d14dfe8ec514f4e5903943d8340dea02d306bcc56327576944713557f25de98,60e0e0f8d8e8feff,2,nd_group_1
C:\Cursor AI\Micro Porject 2 Dupe Finder\Media\Snapchat-609746082.jpg,137753,image,792bf97f1827bf201464f7ef29e1caef2d00f7483f85f6b6aae6b7aae6d621ba,ffffc78380800000,1,nd_group_1
C:\Cursor AI\Micro Porject 2 Dupe Finder\Media\Snapchat-611723405.jpg,1430949,image,5633fccf41bf641ef3a54043ba533ef2eeb44e15f05efd28f795b3843318b0f1,00000087fcfcfbe3,1,nd_group_1
C:\Cursor AI\Micro Porject 2 Dupe Finder\Media\Snapchat-612974811.mp4,12466808,video,bed77b25d0e40d25f3f2bfd78aefd3dcb1bf4b38974beaa585ff903f2760829b,,1,
C:\Cursor AI\Micro Porject 2 Dupe Finder\Media\Snapchat-618475778.mp4,4006973,video,e3a33f8242759af1d0752ffad4322e55dd8332808ccd4004afb51733b1dd006b,,1,
C:\Cursor AI\Micro Porject 2 Dupe Finder\Media\Snapchat-636881565.jpg,1735195,image,6fe2df002de27c20ebe3a243c36cb849d07851bba64f6e1f05ded19054f37727,ff99d1707ce4f0f8,1,nd_group_1
C:\Cursor AI\Micro Porject 2 Dupe Finder\Media\Snapchat-649717066.mp4,11397105,video,1909d6d05c9cd5dd0fad029581ebf2e01404adeeef5a3ac8cc86008ec2d2d132,,1,
C:\Cursor AI\Micro Porject 2 Dupe Finder\Media\Snapchat-656450618.jpg,545049,image,357e4f2f726ce33f77fb970418b7d45c3125030c65fc09ac17419230045a16ec,fffff7f1f1000000,1,nd_group_1
C:\Cursor AI\Micro Porject 2 Dupe Finder\Media\Snapchat-669241729.jpg,171159,image,ca9c38a01234913c93a55a8473defe6ae026d20128b2fcaeb29e8d5f8912d748,3ffff7c1c1010100,1,nd_group_1
C:\Cursor AI\Micro Porject 2 Dupe Finder\Media\Snapchat-681239941.jpg,401004,image,6ee79630b34c819df94f4de94c5bcbb214ad93d959a830be7ec89028cdec3297,f0f0f8e080e0efe7,1,nd_group_1
C:\Cursor AI\Micro Porject 2 Dupe Finder\Media\Snapchat-683689957.mp4,6493726,video,4a0923730ddadf35d3297b51874f5b1412f9279e0f51d3870ef1681446a00d0e,,1,
C:\Cursor AI\Micro Porject 2 Dupe Finder\Media\Snapchat-686247606.mp4,7358813,video,b2f12c487f6ed5970116c78b804fa02b2386e5b2be700c6dd53cc08c4b78e9fd,,1,
C:\Cursor AI\Micro Porject 2 Dupe Finder\Media\Snapchat-751390617.jpg,1019270,image,8cf4b75ed5123d4096d3bcc43fb2502f29bb7e79bf357f5d980c092959ce962b,1930d4a0f57f3927,1,nd_group_1
C:\Cursor AI\Micro Porject 2 Dupe Finder\Media\Snapchat-753911773.jpg,752424,image,cc7a67993ba8ac9815984d5f95c55ddbac594acfdcafb9830b39a9c7ba4554a2,7f7f7b9e04100000,1,nd_group_1
C:\Cursor AI\Micro Porject 2 Dupe Finder\Media\Snapchat-776030300.jpg,1196573,image,a79b430dd31da82e74358e9d6bf6dd1118e3c69acf413926303a0874add01099,030721231b4377ff,1,nd_group_1
C:\Cursor AI\Micro Porject 2 Dupe Finder\Media\Snapchat-789807119.jpg,478936,image,db5b263a37364031fc545d9820e878ad9549c37c3fc0fddf9a3e9a21665abef3,3f6fcf8707000000,1,nd_group_1
C:\Cursor AI\Micro Porject 2 Dupe Finder\Media\Snapchat-797976112.jpg,94433,image,aee7f776e2aea054c126eb8811318a7a3b40aeb0a7596b5b390da335284eafbe,ffe7e78183430100,1,nd_group_1
C:\Cursor AI\Micro Porject 2 Dupe Finder\Media\Snapchat-799451223.jpg,178749,image,9b1c4b4255283fae217ccc0bdfcecc03af09ed1ce4095cd9656e157a1ca8a148,c0f0f8f8fcb0a0e4,1,nd_group_1
C:\Cursor AI\Micro Porject 2 Dupe Finder\Media\Snapchat-806806465.jpg,392808,image,864b27cf2b3611a24f012b2b045caddc031bcddff48449e651ca857b197ca7a1,17f7f77fff030000,1,nd_group_1
C:\Cursor AI\Micro Porject 2 Dupe Finder\Media\Snapchat-835823869.jpg,486087,image,48c8e01e916a5b8be0a89fc246549e2b89325c284b46f798fde3cf24069f9441,00f8f1f1f9693f81,1,nd_group_1
C:\Cursor AI\Micro Porject 2 Dupe Finder\Media\Snapchat-862945234.jpg,124703,image,41a5432f4528355270bfa0166cf51ee304dbd32d3d8ed42a6b34ffff0aa53469,7ffffcf8f8d8c0f0,1,nd_group_1
C:\Cursor AI\Micro Porject 2 Dupe Finder\Media\Snapchat-916369678.jpg,616468,image,c157296428dc36f7587995dbb1e88ba3f3b58eea3b4460c5b700fea69eede55e,ffff3f2700100000,1,nd_group_1
C:\Cursor AI\Micro Porject 2 Dupe Finder\Media\Snapchat-936001817.jpg,562871,image,2fb4eb6b58d8009c76ec176d420ccb5d85d114c03e27e9e89c2c219bbfb4f6a3,ffffff0000000000,1,nd_group_1
C:\Cursor AI\Micro Porject 2 Dupe Finder\Media\Snapchat-948783646.jpg,479423,image,5bd4e8bdcb2fb33918adc43c1a80dd7f81684820a4fa57c941c7946c013dfb66,3e3c38befe0cee1c,1,nd_group_1
C:\Cursor AI\Micro Porject 2 Dupe Finder\Media\VID_20220513_210301.mpeg.mp4,6439537,video,5613f2622ba013283579ebf620497b7eda049acc5aa6b68938ce2538a841a367,,1,
C:\Cursor AI\Micro Porject 2 Dupe Finder\Media\VID_20230215_214211.mp4,4212179,video,78a370f4878ff39b86f913a7be2f1fb6726453fb3fb18a95100b1d8840f626fa,,1,
C:\Cursor AI\Micro Porject 2 Dupe Finder\Media\VID_20230315_195120.mp4,6334367,video,3931d3e1fd345c1ec344fa7b1572f0c8acd8627e6d3d90473a89316feb0f2dcf,,1,
C:\Cursor AI\Micro Porject 2 Dupe Finder\Media\VID_20250717_081248.mp4,6579180,video,13a3124f23839c736550568e05a54a2a320d9f08b3c7a81155a06f6e17d8f23b,,1,
C:\Cursor AI\Micro Porject 2 Dupe Finder\Media\VID_20250717_081254.mp4,24995584,video,ec2af329e44e3f913a8291e50acbaa163fb70b24963a3fd369609322222d07e0,,1,
C:\Cursor AI\Micro Porject 2 Dupe Finder\Media\VID_20250801_195923.mp4,7181716,video,08cc6edf42f03dc1a1ffca738f2fbfa377b1e51087db5c0bedd94ba1863179b6,,1,
C:\Cursor AI\Micro Porject 2 Dupe Finder\Media\VID_20250801_201708.mp4,24620787,video,8151d17ddbfa56cc85f3e2be0c608b1bd135f2e1db49edd34d379c5997d14230,,1,
C:\Cursor AI\Micro Porject 2 Dupe Finder\Media\VID_20250811_194650.mp4,11693466,video,5666df00712d5375449bf338eea0a024de3a1e42c20592d5470b573b8a954ad1,,1,
C:\Cursor AI\Micro Porject 2 Dupe Finder\Media\duplicates_review\IMG_20201117_093609_652_1.jpg,1892877,image,f9a0919270d125f4ac4ece0ffa9eacba470db31360eee1904b519710cb39ddff,f9e866bf1f8f0200,2,nd_group_1
C:\Cursor AI\Micro Porject 2 Dupe Finder\Media\duplicates_review\Snapchat-646615818_1.jpg,1110487,image,2d14dfe8ec514f4e5903943d8340dea02d306bcc56327576944713557f25de98,60e0e0f8d8e8feff,2,nd_group_1
TOTAL_DUPLICATE_FILES,,,,,2,
